id,slug,title,content_type,length_seconds,publish_ts
78600362-d470-46ad-993c-039ae575e861,content-001,Content Title 001,newsletter,234,2025-11-09T18:55:18.750063Z
c2985d2f-489f-41ca-aa3a-886ffa1b6322,content-002,Content Title 002,podcast,2300,2025-10-30T18:55:18.750191Z
46059469-dff0-461f-b1c4-4f9b8fdef2ea,content-003,Content Title 003,video,1022,2025-11-29T18:55:18.750200Z
419c7028-9c4d-43e5-a2a9-00e887ca6b83,content-004,Content Title 004,video,880,2026-01-10T18:55:18.750206Z
c490f05a-b22e-4c93-8381-ceee1f033847,content-005,Content Title 005,video,740,2025-11-05T18:55:18.750212Z
a024d7c1-6de1-4d94-b2f0-d5337d10f9bf,content-006,Content Title 006,podcast,1824,2025-10-16T18:55:18.750218Z
6b1cb48d-3ba6-4499-8351-ebc650f6390c,content-007,Content Title 007,video,1031,2025-11-17T18:55:18.750224Z
f7f0df37-692f-456f-8660-c777b27a0e1d,content-008,Content Title 008,newsletter,262,2026-01-06T18:55:18.750229Z
fb798d00-6825-4b88-b2fb-9e3716cce379,content-009,Content Title 009,newsletter,788,2025-11-21T18:55:18.750235Z
c33cb61c-9192-48c3-ba15-700f9a95e851,content-010,Content Title 010,podcast,2567,2025-12-14T18:55:18.750240Z
849814c6-c0ec-4d59-80b2-a1baee288e73,content-011,Content Title 011,podcast,2940,2025-10-30T18:55:18.750246Z
2a2dd5a3-ab5f-49d4-b440-229278c67417,content-012,Content Title 012,podcast,2357,2025-12-19T18:55:18.750251Z
cbd02a45-8963-44f2-97de-d855dafc4f4a,content-013,Content Title 013,podcast,3028,2025-11-18T18:55:18.750256Z
a1178438-0975-4331-b508-636fb33cb6db,content-014,Content Title 014,podcast,3481,2025-12-11T18:55:18.750261Z
02130c51-d02a-4101-8fdd-07bf070702b1,content-015,Content Title 015,video,709,2026-01-05T18:55:18.750267Z
477a0057-0eff-4f6d-ace0-36b3364a2dcd,content-016,Content Title 016,video,635,2025-12-08T18:55:18.750273Z
7d4d9905-006e-42b0-954b-3010efa27759,content-017,Content Title 017,podcast,2624,2025-11-04T18:55:18.750278Z
c75d5dd2-b548-47c5-a08c-9d899bf3531b,content-018,Content Title 018,video,835,2025-11-30T18:55:18.750283Z
b0f4de6f-6772-487b-b199-1bbb6ff002f2,content-019,Content Title 019,video,622,2026-01-03T18:55:18.750288Z
1c726c1b-4fd0-40ae-9a55-d316d03beb0f,content-020,Content Title 020,video,794,2025-12-05T18:55:18.750294Z
d235729a-4871-43f3-b6b4-be84dcca0246,content-021,Content Title 021,podcast,2439,2025-12-03T18:55:18.750299Z
95ac3fca-619f-4f50-b552-0f41ddb5dd90,content-022,Content Title 022,video,1025,2025-11-11T18:55:18.750304Z
8bdb187c-8fd0-4aca-ac2d-a9ad9c0e7aa4,content-023,Content Title 023,podcast,2807,2026-01-09T18:55:18.750309Z
7bda4c6e-5966-4659-96ce-67c47bd4f89f,content-024,Content Title 024,video,928,2025-11-20T18:55:18.750314Z
fda53931-4eff-4bad-a593-586b08a9c4f4,content-025,Content Title 025,newsletter,557,2025-12-24T18:55:18.750319Z
ac2fabf3-fa2b-428e-803d-ac55ee99268b,content-026,Content Title 026,video,750,2025-10-14T18:55:18.750324Z
c1dfa9e8-a383-4ac7-81f6-c22dbef8b69c,content-027,Content Title 027,video,1175,2026-01-01T18:55:18.750329Z
b5837858-50e2-4c61-a2f2-9093c021a7c0,content-028,Content Title 028,video,864,2025-12-20T18:55:18.750334Z
a71c8b30-e82f-4a95-ad07-b90383e79a9d,content-029,Content Title 029,video,951,2025-11-25T18:55:18.750339Z
d6076244-bf97-4a8a-897b-8a4b198312af,content-030,Content Title 030,newsletter,549,2026-01-03T18:55:18.750344Z
f7b0d6a5-d881-4571-be35-41c025feef51,content-031,Content Title 031,video,1091,2025-12-16T18:55:18.750349Z
dae31914-2e0c-429d-8e58-6d5b6df85a0c,content-032,Content Title 032,video,1165,2025-10-13T18:55:18.750354Z
4352e91f-5c45-47d2-b418-b06908bbfb4e,content-033,Content Title 033,video,1038,2025-10-21T18:55:18.750359Z
419c14e6-c55b-4065-bb86-a9ceeed4362e,content-034,Content Title 034,podcast,2629,2025-11-13T18:55:18.750364Z
bdada213-6d2d-40f0-be93-f800a5df8d95,content-035,Content Title 035,podcast,2170,2026-01-09T18:55:18.750369Z
f6cdc547-1fd3-40d2-a3fd-9531aad40fa2,content-036,Content Title 036,newsletter,200,2025-12-12T18:55:18.750374Z
c92843f2-5d1f-40af-bb2a-017067e2d554,content-037,Content Title 037,podcast,2723,2026-01-05T18:55:18.750379Z
d5ac4ef0-4953-4949-a6f6-e2aebad12ff9,content-038,Content Title 038,newsletter,773,2025-10-27T18:55:18.750384Z
62fcfe51-03d3-48ad-83db-517328feff8b,content-039,Content Title 039,newsletter,407,2025-12-20T18:55:18.750389Z
35ce4ca9-2f54-4c27-a80f-a9b89b3d63cb,content-040,Content Title 040,newsletter,616,2025-12-19T18:55:18.750394Z
f5c096f9-178a-45b7-aede-2500ba553493,content-041,Content Title 041,podcast,2899,2025-12-09T18:55:18.750400Z
ca5f208a-baec-4785-95d3-4bfbc0b82da6,content-042,Content Title 042,video,1031,2025-11-07T18:55:18.750405Z
a2f61b30-3ca5-40ec-8db1-096a715e5f0b,content-043,Content Title 043,newsletter,574,2025-10-17T18:55:18.750410Z
97613e31-f6aa-4be5-9576-4b2eddf7440b,content-044,Content Title 044,podcast,2580,2025-12-10T18:55:18.750415Z
48aacd11-3cbe-41ad-8b13-3fc90fa526b8,content-045,Content Title 045,video,806,2025-11-12T18:55:18.750420Z
609cc519-5728-43fe-b25d-8515bc439839,content-046,Content Title 046,newsletter,614,2026-01-06T18:55:18.750425Z
693708ce-5056-4915-b0f6-ad922a7febf7,content-047,Content Title 047,video,865,2025-11-16T18:55:18.750430Z
55d2098b-7c7b-443a-9001-cc5d70b55b8d,content-048,Content Title 048,podcast,3425,2025-10-20T18:55:18.750435Z
e1a356cb-72f2-4a10-8e72-840e71c5be7a,content-049,Content Title 049,podcast,2131,2025-11-07T18:55:18.750440Z
d6ad1897-a4e2-4570-8b55-73df3d6160e5,content-050,Content Title 050,podcast,2997,2025-11-08T18:55:18.750445Z
07151941-1df7-4380-94e2-150ee3a8ec64,content-051,Content Title 051,video,983,2026-01-03T18:55:18.750450Z
bb206580-7891-41aa-8e5d-c99fb90839d3,content-052,Content Title 052,podcast,2736,2025-12-26T18:55:18.750455Z
f6bd8291-2fcc-45a2-877f-25e81da4ab09,content-053,Content Title 053,newsletter,289,2025-11-11T18:55:18.750460Z
981f34f3-fd57-42c7-aa7e-557a32317c30,content-054,Content Title 054,video,654,2025-11-22T18:55:18.750465Z
8b46daed-0c28-4f12-b18e-20346a3a9047,content-055,Content Title 055,video,734,2025-11-11T18:55:18.750470Z
6f6794e5-5757-484d-be3b-cfb26654c47b,content-056,Content Title 056,video,619,2025-11-23T18:55:18.750475Z
63c4a4d7-a934-4b48-b4db-d32f0f78b82f,content-057,Content Title 057,newsletter,614,2026-01-02T18:55:18.750480Z
f0a7b539-6b45-4c70-ba12-3ba7f1a577d3,content-058,Content Title 058,video,1175,2025-12-30T18:55:18.750486Z
2e4cfb18-acfd-4792-9600-c6cfe6f85fac,content-059,Content Title 059,podcast,3093,2025-12-28T18:55:18.750491Z
f2d6cb98-1a14-4136-acdf-ee7decfb6ef7,content-060,Content Title 060,newsletter,510,2025-12-14T18:55:18.750496Z
